{
	"var0": 2663.680443490555,
	"var1": 2663.680443490555,
	"var2": null,
	"var3": 0,
	"var4": 0,
	"var5": 2663.680443490555,
	"var6": 7682.330860329445,
	"var7": 0,
	"var8": 0,
	"var9": 2663.680443490555,
	"var10": null,
	"var11": 0,
	"var12": 0,
	"var13": 2663.680443490555,
	"var14": 7682.330860329445,
	"var15": 0,
	"var16": 0,
	"var17": 266.7889565139167,
	"var18": 266.7889565139167,
	"var19": null,
	"var20": 0,
	"var21": 0,
	"var22": 2663.680443490555,
	"var23": 7682.330860329445,
	"var24": 0,
	"var25": 0,
	"var26": 266.7889565139167,
	"var27": null,
	"var28": 0,
	"var29": 0,
	"var30": 2663.680443490555,
	"var31": 7682.330860329445,
	"var32": 0,
	"var33": 0,
	"var34": 7682.330860329445,
	"var35": 388.1703113845278,
	"var36": 266.7889565139167,
	"var37": 0,
	"var38": 0,
	"var39": 0,
	"var40": 0,
	"var41": 0,
	"var42": null,
	"var43": 0,
	"var44": 0,
	"var45": 2663.680443490555,
	"var46": 7682.330860329445,
	"var47": 0,
	"var48": 0,
	"var49": 0,
	"var50": null,
	"var51": 0,
	"var52": 0,
	"var53": 2663.680443490555,
	"var54": 7682.330860329445,
	"var55": 0,
	"var56": 0,
	"var57": 0,
	"var58": 0,
	"var59": 388.1703113845278,
	"var60": 388.1703113845278,
	"var61": null,
	"var62": 0,
	"var63": 0,
	"var64": 2663.680443490555,
	"var65": 7682.330860329445,
	"var66": 0,
	"var67": 0
}